"hed__School_Code__c","hed__Primary_Contact__c"
"12443909","003VA00000J89M4YAJ"
"12443903","003VA00000J89LDYAZ"
"12443896","003VA00000J89LEYAZ"
"12443864","003VA00000J89LIYAZ"
"12443854","003VA00000J89LLYAZ"
"12443601","003VA00000J8xJrYAJ"
"12443600","003VA00000J8xJsYAJ"
"12443321","003VA00000J8xJJYAZ"
"12443320","003VA00000J8xJKYAZ"
"12443319","003VA00000J8xJLYAZ"
"12443318","003VA00000J8xJMYAZ"
"12443021","003VA00000J8xIzYAJ"
"12442679","003VA00000J8xISYAZ"
"12442678","003VA00000J8xITYAZ"
"12442677","003VA00000J8xIPYAZ"
"12442676","003VA00000J8xIQYAZ"
"12442675","003VA00000J8xIWYAZ"
"12442674","003VA00000J8xIXYAZ"
"12442673","003VA00000J8xIUYAZ"
"12442672","003VA00000J8xIVYAZ"
"12442671","003VA00000J8xIaYAJ"
"12442670","003VA00000J8xIbYAJ"
"12442669","003VA00000J8xIYYAZ"
"12442668","003VA00000J8xIZYAZ"
"12442667","003VA00000J8xIeYAJ"
"12442666","003VA00000J8xIfYAJ"
"12442665","003VA00000J8xIcYAJ"
"12442664","003VA00000J8xIdYAJ"
"12442663","003VA00000J8xIiYAJ"
"12442662","003VA00000J8xIjYAJ"
"12442661","003VA00000J8xIgYAJ"
"12442660","003VA00000J8xIhYAJ"
"12442659","003VA00000J8xImYAJ"
"12442658","003VA00000J8xIoYAJ"
"12442657","003VA00000J8xIkYAJ"
"12442656","003VA00000J8xIlYAJ"
"12442655","003VA00000J8xIpYAJ"
"12442538","003VA00000J8xHcYAJ"
"12442518","003VA00000J8xHhYAJ"
"12442517","003VA00000J8xHfYAJ"
"12442516","003VA00000J8xHgYAJ"
"12442515","003VA00000J8xHkYAJ"
"12442514","003VA00000J8xHlYAJ"
"12442512","003VA00000J8xHiYAJ"
"12442511","003VA00000J8xHnYAJ"
"12442415","003VA00000J8xI2YAJ"
"12442293","003VA00000J8xGcYAJ"
"12442289","003VA00000J8xGdYAJ"
"12442288","003VA00000J8xGfYAJ"
"12442281","003VA00000J8xGhYAJ"
"12442257","003VA00000J8xGjYAJ"
"12442255","003VA00000J8xGlYAJ"
"12442253","003VA00000J8xGkYAJ"
"12442251","003VA00000J8xGmYAJ"
"12442224","003VA00000J8xHSYAZ"
"12442221","003VA00000J8xHUYAZ"
"12442220","003VA00000J8xHVYAZ"
"12442145","003VA00000J8xGxYAJ"
"12442143","003VA00000J8xH1YAJ"
"12442142","003VA00000J8xH2YAJ"
"12442141","003VA00000J8xGzYAJ"
"12442140","003VA00000J8xH0YAJ"
"12442137","003VA00000J8xH3YAJ"
"12442136","003VA00000J8xH5YAJ"
"12442135","003VA00000J8xH9YAJ"
"12442133","003VA00000J8xH7YAJ"
"12442132","003VA00000J8xH8YAJ"
"12442131","003VA00000J8xHCYAZ"
"12442130","003VA00000J8xHDYAZ"
"12442129","003VA00000J8xHAYAZ"
"12442128","003VA00000J8xHBYAZ"
"12442127","003VA00000J8xHGYAZ"
"12442126","003VA00000J8xHHYAZ"
"12442125","003VA00000J8xHEYAZ"
"12442124","003VA00000J8xHFYAZ"
"12442123","003VA00000J8xHJYAZ"
"12442122","003VA00000J8xHKYAZ"
"12442121","003VA00000J8xHIYAZ"
"12442119","003VA00000J8xHLYAZ"
"12442111","003VA00000J8xFfYAJ"
"12442100","003VA00000J8xFgYAJ"
"12442063",""
"12442047","003VA00000J8xFWYAZ"
"12442046",""
"12442045","003VA00000J8xFVYAZ"
"12442041",""
"12441960","003VA00000J8xFxYAJ"
"12441959","003VA00000J8xG0YAJ"
"12441958","003VA00000J8xG1YAJ"
"12441957","003VA00000J8xFyYAJ"
"12441956","003VA00000J8xFzYAJ"
"12441955","003VA00000J8xG4YAJ"
"12441954","003VA00000J8xG5YAJ"
"12441953","003VA00000J8xG2YAJ"
"12441952","003VA00000J8xG3YAJ"
"12441951","003VA00000J8xG8YAJ"
"12441950","003VA00000J8xG9YAJ"
"12441949","003VA00000J8xG6YAJ"
"12441948","003VA00000J8xG7YAJ"
"12441947","003VA00000J8xGCYAZ"
"12441946","003VA00000J8xGDYAZ"
"12441945","003VA00000J8xGAYAZ"
"12441944","003VA00000J8xGBYAZ"
"12441943","003VA00000J8xGFYAZ"
"12441942","003VA00000J8xGGYAZ"
"12441941","003VA00000J8xGEYAZ"
"12441939","003VA00000J8xGJYAZ"
"12441938","003VA00000J8xGKYAZ"
"12441937","003VA00000J8xGHYAZ"
"12441936","003VA00000J8xGIYAZ"
"12441935","003VA00000J8xGOYAZ"
"12441934","003VA00000J8xGPYAZ"
"12441933","003VA00000J8xGLYAZ"
"12441932","003VA00000J8xGMYAZ"
"12441930","003VA00000J8xGUYAZ"
"12441929","003VA00000J8xGQYAZ"
"12441928","003VA00000J8xGRYAZ"
"12441927","003VA00000J8xGYYAZ"
"12441926","003VA00000J8xGZYAZ"
"12441925","003VA00000J8xGVYAZ"
"12441924","003VA00000J8xGXYAZ"
"12441923","003VA00000J8xGaYAJ"
"12441915","003VA00000J8xFpYAJ"
"12441904",""
"12441903",""
"12441902",""
"12441883",""
"12441873",""
"12441715","003VA00000J8xFMYAZ"
"12441714","003VA00000J8xFNYAZ"
"12441695","003VA00000J8xFOYAZ"
"12441694","003VA00000J8xFPYAZ"
"12441252","003VA00000J8xEKYAZ"
"12441243",""
"12441242",""
"12441241",""
"12441218","003VA00000J8xENYAZ"
"12441114","003VA00000J8xEWYAZ"
"12441112","003VA00000J8xEVYAZ"
"12441111","003VA00000J8xEYYAZ"
"12441110","003VA00000J8xEZYAZ"
"12441109","003VA00000J8xEXYAZ"
"12441108",""
"12441068","003VA00000J8xDsYAJ"
"12441067",""
"12441061",""
"12441060",""
"12441059",""
"12441057",""
"12441056",""
"12441055",""
"12441054",""
"12441010","003VA00000J8xDVYAZ"
"12441009","003VA00000J8xDTYAZ"
"12441008","003VA00000J8xDUYAZ"
"12441007","003VA00000J8xDYYAZ"
"12441006","003VA00000J8xDZYAZ"
"12441005","003VA00000J8xDWYAZ"
"12441004","003VA00000J8xDXYAZ"
"12441003","003VA00000J8xDbYAJ"
"12440993","003VA00000J8xDeYAJ"
"12440992","003VA00000J8xDfYAJ"
"12440991","003VA00000J8xDiYAJ"
"12440990","003VA00000J8xDjYAJ"
"12440989","003VA00000J8xDgYAJ"
"12440988","003VA00000J8xDhYAJ"
"12440987","003VA00000J8xDkYAJ"
"12440978","003VA00000J8xDnYAJ"
"12440899","003VA00000J8xEGYAZ"
"12440898","003VA00000J8xEHYAZ"
"12440897","003VA00000J8xEFYAZ"
"12440883","003VA00000J8xE2YAJ"
"12440882","003VA00000J8xE3YAJ"
"12440881","003VA00000J8xE0YAJ"
"12440880","003VA00000J8xE1YAJ"
"12440877","003VA00000J8xE5YAJ"
"12440876","003VA00000J8xE6YAJ"
"12440796","003VA00000J8xCrYAJ"
"12440795","003VA00000J8xCvYAJ"
"12440794","003VA00000J8xCwYAJ"
"12440793","003VA00000J8xCsYAJ"
"12440792","003VA00000J8xCtYAJ"
"12440791","003VA00000J8xCxYAJ"
"12440773","003VA00000J8xD0YAJ"
"12440772","003VA00000J8xD1YAJ"
"12440733","003VA00000J8xBBYAZ"
"12440694","003VA00000J8xDEYAZ"
"12440692","003VA00000J8xDDYAZ"
"12440690","003VA00000J8xDFYAZ"
"12440676","003VA00000J8xDGYAZ"
"12440664","003VA00000J8xDHYAZ"
"12440662","003VA00000J8xDJYAZ"
"12440660","003VA00000J8xDIYAZ"
"12440659","003VA00000J8xDMYAZ"
"12440658","003VA00000J8xDNYAZ"
"12440657","003VA00000J8xDKYAZ"
"12440656","003VA00000J8xDLYAZ"
"12440655","003VA00000JjnWJYAZ"
"12440653","003VA00000JjnWHYAZ"
"12440651","003VA00000J8xDPYAZ"
"12440650","003VA00000J8xDQYAZ"
"12440649","003VA00000J8xDOYAZ"
"12440611","003VA00000J8xD7YAJ"
"12440609","003VA00000J8xD5YAJ"
"12440608","003VA00000J8xD6YAJ"
"12440607","003VA00000J8xD8YAJ"
"12440606","003VA00000J8xD9YAJ"
"12440597","003VA00000J8xDAYAZ"
"12440558","003VA00000JjnX1YAJ"
"12440553","003VA00000JjnX2YAJ"
"12440521","003VA00000J8xAmYAJ"
"12440514","003VA00000J8xAqYAJ"
"12440513","003VA00000J8xAnYAJ"
"12440512","003VA00000J8xAoYAJ"
"12440511","003VA00000J8xAdYAJ"
"12440410","003VA00000J8xB4YAJ"
"12440409","003VA00000J8xB2YAJ"
"12440408","003VA00000J8xB3YAJ"
"12440400","003VA00000J8xB5YAJ"
"12440399","003VA00000J8xB8YAJ"
"12440398","003VA00000J8xB9YAJ"
"12440397","003VA00000J8xB6YAJ"
"12440396","003VA00000J8xB7YAJ"
"12440374","003VA00000J8xArYAJ"
"12440368","003VA00000J8xAtYAJ"
"12440357","003VA00000J8xAuYAJ"
"12440299","003VA00000J8xA5YAJ"
"12440281","003VA00000J8xA7YAJ"
"12440280","003VA00000J8xA8YAJ"
"12440279","003VA00000JfoZqYAJ"
"12440277","003VA00000J8xAAYAZ"
"12440276","003VA00000J8xABYAZ"
"12440275","003VA00000J8xAEYAZ"
"12440274","003VA00000J8xAFYAZ"
"12440273","003VA00000J8xACYAZ"
"12440255","003VA00000J8x9rYAB"
"12440254","003VA00000J8x9sYAB"
"12440243","003VA00000J8x9vYAB"
"12440242","003VA00000J8x9wYAB"
"12440237","003VA00000J8x9xYAB"
"12440144","003VA00000J8xAZYAZ"
"12440143","003VA00000J8xAaYAJ"
"12440140","003VA00000JfoaQYAR"
"12440089","003VA00000J8xAKYAZ"
"12440061","003VA00000J8x94YAB"
"12440060","003VA00000J8x95YAB"
"12440059","003VA00000J8x98YAB"
"12440058","003VA00000J8x99YAB"
"12440057","003VA00000J8x96YAB"
"12440056","003VA00000J8x97YAB"
"12440055","003VA00000J8x9CYAR"
"12440054","003VA00000J8x9DYAR"
"12440053","003VA00000J8x9AYAR"
"12440052","003VA00000J8x9BYAR"
"12439989","003VA00000J8x8sYAB"
"12439976","003VA00000JfoVPYAZ"
"12439974","003VA00000J8x8wYAB"
"12439970","003VA00000J8x8zYAB"
"12439969","003VA00000J8x8xYAB"
"12439968","003VA00000J8x8yYAB"
"12439949","003VA00000J8x91YAB"
"12439937","003VA00000JfoVcYAJ"
"12439936","003VA00000J8x93YAB"
"12439935","003VA00000J8x9eYAB"
"12439926","003VA00000J8x9gYAB"
"12439925","003VA00000J8x9fYAB"
"12439899","003VA00000J8x9iYAB"
"12439856","003VA00000J8x9OYAR"
"12439855","003VA00000J8x9QYAR"
"12439854","003VA00000J8x9RYAR"
"12439852","003VA00000J8x9PYAR"
"12439851","003VA00000J8x9UYAR"
"12439850","003VA00000J8x9VYAR"
"12439849","003VA00000J8x9SYAR"
"12439848","003VA00000J8x9TYAR"
"12439834","003VA00000JfoWsYAJ"
"12439828","003VA00000J8x9WYAR"
"12439826","003VA00000J8x9ZYAR"
"12439825","003VA00000J8x9XYAR"
"12439824","003VA00000J8x9YYAR"
"12439807","003VA00000JfoU9YAJ"
"12439806","003VA00000JfoUAYAZ"
"12439805","003VA00000Jf0nTYAR"
"12439804","003VA00000Jf0nUYAR"
"12439803","003VA00000JfoUCYAZ"
"12439761","003VA00000J8x8cYAB"
"12439694","003VA00000Jf0nHYAR"
"12439693","003VA00000Jf0nEYAR"
"12439692","003VA00000J8x8TYAR"
"12439670","003VA00000J8x8jYAB"
"12439669","003VA00000J8x8iYAB"
"12439665","003VA00000JfoUuYAJ"
"12439661","003VA00000J8x8kYAB"
"12439660","003VA00000J8x8mYAB"
"12439644","003VA00000J8x8oYAB"
"12439641","003VA00000JfoV6YAJ"
"12439524","003VA00000J8x7zYAB"
"12439523","003VA00000J8x82YAB"
"12439522","003VA00000J8x83YAB"
"12439521","003VA00000J8x80YAB"
"12439520","003VA00000J8x81YAB"
"12439519","003VA00000Jfp2yYAB"
"12439518","003VA00000Jfp2zYAB"
"12439515","003VA00000J8x86YAB"
"12439514","003VA00000J8x87YAB"
"12439513","003VA00000J8x84YAB"
"12439512","003VA00000J8x85YAB"
"12439511","003VA00000J8x89YAB"
"12439510","003VA00000J8x8AYAR"
"12439488","003VA00000Jfp3AYAR"
"12439487","003VA00000Jfp2JYAR"
"12439472","003VA00000J8x7qYAB"
"12439427","003VA00000J8x7yYAB"
"12439423","003VA00000J8x8NYAR"
"12439381","003VA00000Jfp4CYAR"
"12439380","003VA00000Jfp4DYAR"
"12439379","003VA00000Jfp4GYAR"
"12439365","003VA00000J8x8OYAR"
"12439362","003VA00000J8x8PYAR"
"12439339","003VA00000J8x8FYAR"
"12439333","003VA00000J8x8GYAR"
"12439255","003VA00000JaBnXYAV"
"12439239","003VA00000Jfp0wYAB"
"12439238","003VA00000Jfp10YAB"
"12439237","003VA00000Jfp0qYAB"
"12439236","003VA00000Jfp0sYAB"
"12439235","003VA00000Jfp17YAB"
"12439234","003VA00000Jfp1AYAR"
"12439233","003VA00000Jfp11YAB"
"12439232","003VA00000Jfp13YAB"
"12439230","003VA00000J8x76YAB"
"12439229","003VA00000JfozzYAB"
"12439228","003VA00000J8x75YAB"
"12439227","003VA00000Jfp04YAB"
"12439210","003VA00000J8x78YAB"
"12439209","003VA00000J8x77YAB"
"12439205","003VA00000J8x79YAB"
"12439204","003VA00000J8x7AYAR"
"12439202","003VA00000J8x7DYAR"
"12439201","003VA00000J8x7BYAR"
"12439200","003VA00000J8x7CYAR"
"12439198","003VA00000J8x7GYAR"
"12439197","003VA00000J8x7EYAR"
"12439196","003VA00000J8x7FYAR"
"12439187","003VA00000J8x7HYAR"
"12439125","003VA00000J8x7gYAB"
"12439124","003VA00000J8x7hYAB"
"12439119","003VA00000J8x7jYAB"
"12439114","003VA00000J8x7kYAB"
"12439112","003VA00000Jfp28YAB"
"12439111","003VA00000Jfp2DYAR"
"12439110","003VA00000Jfp2FYAR"
"12439109","003VA00000Jfp2AYAR"
"12439082","003VA00000J8x7RYAR"
"12439067","003VA00000J8x7TYAR"
"12439066","003VA00000Jfp1QYAR"
"12439065","003VA00000J8x7SYAR"
"12439060","003VA00000J8x7WYAR"
"12439058","003VA00000J8x7aYAB"
"12439057","003VA00000J8x7YYAR"
"12439056","003VA00000Jfp1TYAR"
"12439055","003VA00000J8x7bYAB"
"12439054","003VA00000Jfp1VYAR"
"12439041","003VA00000Jfp1aYAB"
"12438986","003VA00000J8x6NYAR"
"12438960","003VA00000Jfov2YAB"
"12438951","003VA00000J8x63YAB"
"12438943","003VA00000J8x66YAB"
"12438942","003VA00000J8x67YAB"
"12438941","003VA00000J8x64YAB"
"12438940","003VA00000J8x65YAB"
"12438939","003VA00000J8x69YAB"
"12438937","003VA00000J8x68YAB"
"12438935","003VA00000J8x6AYAR"
"12438933","003VA00000JfovHYAR"
"12438918","003VA00000J8x6HYAR"
"12438915","003VA00000J8x6IYAR"
"12438874","003VA00000J8x6zYAB"
"12438858","003VA00000J8x71YAB"
"12438855","003VA00000J8x72YAB"
"12438851","003VA00000J8x74YAB"
"12438838","003VA00000J8x6OYAR"
"12438791","003VA00000JfozMYAR"
"12438790","003VA00000JfozOYAR"
"12438789","003VA00000J8x6YYAR"
"12438788","003VA00000J8x6ZYAR"
"12438775","003VA00000J8x5aYAB"
"12438773","003VA00000J8x5YYAR"
"12438772","003VA00000J8x5ZYAR"
"12438770","003VA00000JfotYYAR"
"12438769","003VA00000JfotVYAR"
"12438765","003VA00000J8x5bYAB"
"12438761","003VA00000J8x5cYAB"
"12438702","003VA00000J8x5RYAR"
"12438700","003VA00000J8x5QYAR"
"12438689","003VA00000J8x5UYAR"
"12438682","003VA00000Jfot4YAB"
"12438681","003VA00000JfosyYAB"
"12438674","003VA00000Jfot7YAB"
"12438610","003VA00000J8x5vYAB"
"12438606","003VA00000J8x5zYAB"
"12438605","003VA00000J8x5wYAB"
"12438604","003VA00000J8x5xYAB"
"12438603","003VA00000J8x60YAB"
"12438576","003VA00000J8x5fYAB"
"12438575","003VA00000J8x5gYAB"
"12438574","003VA00000JfotyYAB"
"12438555","003VA00000J8x5iYAB"
"12438550","003VA00000JfouCYAR"
"12438549","003VA00000J8x5jYAB"
"12438548","003VA00000Jfou9YAB"
"12438547","003VA00000JfouEYAR"
"12438546","003VA00000JfouFYAR"
"12438544","003VA00000J8x5kYAB"
"12438540","003VA00000J8x5lYAB"
"12438537","003VA00000J8x5mYAB"
"12438506","003VA00000J8x58YAB"
"12438501","003VA00000J8x59YAB"
"12438463","003VA00000JaBgPYAV"
"12438462","003VA00000JfoqWYAR"
"12438448","003VA00000J8x4zYAB"
"12438388","003VA00000J8x5EYAR"
"12438377","003VA00000J8x5FYAR"
"12438376","003VA00000J8x5GYAR"
"12438375","003VA00000J8x5IYAR"
"12438374","003VA00000J8x5KYAR"
"12438373","003VA00000Jfos9YAB"
"12438343","003VA00000J8x5NYAR"
"12438342","003VA00000J8x5OYAR"
"12438340","003VA00000J8x5MYAR"
"12438337","003VA00000JfosSYAR"
"12438295","003VA00000JjnXaYAJ"
"12438287","003VA00000JfornYAB"
"12438269","003VA00000J8x4QYAR"
"12438263","003VA00000J8x4RYAR"
"12438255","003VA00000J8x4TYAR"
"12438254","003VA00000J8x4VYAR"
"12438253","003VA00000JfopOYAR"
"12438236","003VA00000J8x4YYAR"
"12438235","003VA00000J8x4cYAB"
"12438229","003VA00000J8x4dYAB"
"12438228","003VA00000J8x4eYAB"
"12438227","003VA00000JfopZYAR"
"12438226","003VA00000JfopcYAB"
"12438222","003VA00000JfopdYAB"
"12438210","003VA00000J8x4fYAB"
"12438198","003VA00000J8x4IYAR"
"12438162","003VA00000J8x4LYAR"
"12438161","003VA00000J8x4KYAR"
"12438157","003VA00000J8x4MYAR"
"12438156","003VA00000J8x4NYAR"
"12438153","003VA00000J8x4OYAR"
"12438148","003VA00000J8x4PYAR"
"12438122","003VA00000Jfoq7YAB"
"12438120","003VA00000J8x4rYAB"
"12438118","003VA00000J8x4sYAB"
"12438117","003VA00000JfoqAYAR"
"12438116","003VA00000JfoqCYAR"
"12438115","003VA00000JfoqEYAR"
"12438114","003VA00000JfoqGYAR"
"12438093","003VA00000J8x4tYAB"
"12438081","003VA00000J8x4vYAB"
"12438080","003VA00000J8x4wYAB"
"12438076","003VA00000JCnnHYAT"
"12438066","003VA00000J8x4hYAB"
"12438058","003VA00000J8x4jYAB"
"12438055","003VA00000J8x4lYAB"
"12438052","003VA00000J8x4kYAB"
"12438046","003VA00000J8x4nYAB"
"12438034","003VA00000J8x4pYAB"
"12438033","003VA00000J8x4oYAB"
"12437970","003VA00000J8x3yYAB"
"12437969","003VA00000J8x3wYAB"
"12437968","003VA00000J8x3xYAB"
"12437967","003VA00000JfonsYAB"
"12437966","003VA00000JfontYAB"
"12437965","003VA00000JfonqYAB"
"12437954","003VA00000J8x40YAB"
"12437952","003VA00000J8x3zYAB"
"12437935","003VA00000JfonPYAR"
"12437934","003VA00000JfonQYAR"
"12437933","003VA00000JfonMYAR"
"12437932","003VA00000JfonOYAR"
"12437922","003VA00000J8x3uYAB"
"12437867","003VA00000J8x48YAB"
"12437865","003VA00000J8x47YAB"
"12437863","003VA00000JjnXsYAJ"
"12437862","003VA00000JjnXuYAJ"
"12437858","003VA00000JjnXxYAJ"
"12437857","003VA00000J8x49YAB"
"12437853","003VA00000JfooaYAB"
"12437851","003VA00000JfoocYAB"
"12437850","003VA00000J8x4CYAR"
"12437847","003VA00000J8x4EYAR"
"12437832","003VA00000J8x4FYAR"
"12437830","003VA00000J8x4GYAR"
"12437824","003VA00000J8x4HYAR"
"12437823","003VA00000JfonzYAB"
"12437807","003VA00000J8x44YAB"
"12437805","003VA00000J8x42YAB"
"12437804","003VA00000J8x43YAB"
"12437753","003VA00000J8x3ZYAR"
"12437714","003VA00000J8x3dYAB"
"12437713","003VA00000J8x3cYAB"
"12437701","003VA00000J8x3eYAB"
"12437670","003VA00000J8x3VYAR"
"12437653","003VA00000J8x3XYAR"
"12437649","003VA00000J8x3YYAR"
"12437631","003VA00000Jfon1YAB"
"12437578","003VA00000J8x3qYAB"
"12437577","003VA00000J8x3pYAB"
"12437572","003VA00000J8x3rYAB"
"12437571","003VA00000J8x3sYAB"
"12437570","003VA00000J8x3tYAB"
"12437569","003VA00000JfonDYAR"
"12437557","003VA00000J8x3fYAB"
"12437556","003VA00000J8x3gYAB"
"12437555","003VA00000J8x3hYAB"
"12437554","003VA00000J8x3iYAB"
"12437542","003VA00000J8x3kYAB"
"12437541","003VA00000J8x3jYAB"
"12437501","003VA00000J8x37YAB"
"12437458","003VA00000J8x3BYAR"
"12437457","003VA00000J8x39YAB"
"12437456","003VA00000J8x3AYAR"
"12437455","003VA00000J8x3EYAR"
"12437454","003VA00000J8x3FYAR"
"12437453","003VA00000J8x3CYAR"
"12437452","003VA00000J8x3DYAR"
"12437451","003VA00000J8x3IYAR"
"12437450","003VA00000J8x3JYAR"
"12437449","003VA00000J8x3GYAR"
"12437448","003VA00000J8x3HYAR"
"12437447","003VA00000J8x3KYAR"
"12437446","003VA00000JfokyYAB"
"12437423","003VA00000J8x34YAB"
"12437418","003VA00000JfokPYAR"
"12437417","003VA00000JfokOYAR"
"12437381","003VA00000J8x35YAB"
"12437379","003VA00000J8x36YAB"
"12437373","003VA00000J8x3RYAR"
"12437361","003VA00000J8x3SYAR"
"12437290","003VA00000J8x3MYAR"
"12437280","003VA00000J8x3NYAR"
"12437274","003VA00000J8x3OYAR"
"12437262","003VA00000J8x3PYAR"
"12437258","003VA00000J8x3QYAR"
"12437203","003VA00000J8x2sYAB"
"12437202","003VA00000J8x2tYAB"
"12437187","003VA00000J8x2uYAB"
"12437179","003VA00000J8x2pYAB"
"12437134","003VA00000J8x2qYAB"
"12437129","003VA00000JjNMBYA3"
"12437115","003VA00000J8x2yYAB"
"12437113","003VA00000JfojiYAB"
"12437091","003VA00000J8x30YAB"
"12437090","003VA00000JfojxYAB"
"12437088","003VA00000J8x2zYAB"
"12437087","003VA00000J8x31YAB"
"12437086","003VA00000Jfok2YAB"
"12437085","003VA00000JfojzYAB"
"12437084","003VA00000Jfok0YAB"
"12437083","003VA00000Jfok3YAB"
"12437067","003VA00000J8x32YAB"
"12437060","003VA00000J8x33YAB"
"12436943","003VA00000J8x2SYAR"
"12436942","003VA00000J8x2TYAR"
"12436931","003VA00000JfogCYAR"
"12436930","003VA00000JfogDYAR"
"12436929","003VA00000JfogAYAR"
"12436928","003VA00000J8x2VYAR"
"12436917","003VA00000J8x25YAB"
"12436916","003VA00000J8x26YAB"
"12436915","003VA00000J8x27YAB"
"12436914","003VA00000J8x28YAB"
"12436911","003VA00000J8x2AYAR"
"12436910","003VA00000JfofaYAB"
"12436909","003VA00000J8x29YAB"
"12436902","003VA00000J8x2DYAR"
"12436901","003VA00000J8x2BYAR"
"12436900","003VA00000J8x2CYAR"
"12436899","003VA00000J8x2FYAR"
"12436897","003VA00000J8x2EYAR"
"12436894","003VA00000J8x2GYAR"
"12436890","003VA00000J8x2IYAR"
"12436888","003VA00000J8x2HYAR"
"12436886","003VA00000J8x2KYAR"
"12436882","003VA00000J8x2MYAR"
"12436881","003VA00000J8x2LYAR"
"12436878","003VA00000J8x2NYAR"
"12436871","003VA00000J8x2PYAR"
"12436868","003VA00000J8x2OYAR"
"12436866","003VA00000J8x2RYAR"
"12436865","003VA00000J8x2QYAR"
"12436863","003VA00000J8x2ZYAR"
"12436860","003VA00000J8x2YYAR"
"12436859","003VA00000J8x2bYAB"
"12436851","003VA00000J8x2eYAB"
"12436850","003VA00000J8x2fYAB"
"12436848","003VA00000J8x2dYAB"
"12436843","003VA00000J8x2hYAB"
"12436832","003VA00000J8x2jYAB"
"12436831","003VA00000J8x2kYAB"
"12436827","003VA00000J8x2mYAB"
"12436825","003VA00000J8x2lYAB"
"12436817","003VA00000J8x2oYAB"
"12436734","003VA00000J8x1VYAR"
"12436733","003VA00000J8x1UYAR"
"12436729","003VA00000J8x1XYAR"
"12436727","003VA00000J8x1aYAB"
"12436726","003VA00000J8x1bYAB"
"12436725","003VA00000J8x1YYAR"
"12436724","003VA00000J8x1ZYAR"
"12436722","003VA00000J8x1eYAB"
"12436720","003VA00000J8x1cYAB"
"12436706","003VA00000J8x1gYAB"
"12436705","003VA00000JfoeOYAR"
"12436649","003VA00000J8x1QYAR"
"12436648","003VA00000J8x1RYAR"
"12436623","003VA00000J8x1TYAR"
"12436621","003VA00000J8x1SYAR"
"12436605","003VA00000J8x1wYAB"
"12436604","003VA00000J8x1xYAB"
"12436603","003VA00000J8x1yYAB"
"12436602","003VA00000J8x1zYAB"
"12436587","003VA00000J8x20YAB"
"12436546","003VA00000J8x24YAB"
"12436545","003VA00000J8x23YAB"
"12436543","003VA00000J8x1hYAB"
"12436528","003VA00000J8x1iYAB"
"12436520","003VA00000J8x1jYAB"
"12436518","003VA00000J8x1kYAB"
"12436514","003VA00000J8x1mYAB"
"12436512","003VA00000J8x1lYAB"
"12436511","003VA00000J8x1pYAB"
"12436510","003VA00000J8x1qYAB"
"12436509","003VA00000J8x1nYAB"
"12436508","003VA00000J8x1oYAB"
"12436506","003VA00000J8x1sYAB"
"12436505","003VA00000JfoenYAB"
"12436504","003VA00000J8x1rYAB"
"12436498","003VA00000J8x1uYAB"
"12436496","003VA00000J8x1tYAB"
"12436492","003VA00000J8x1vYAB"
"12436471","003VA00000J8x14YAB"
"12436467","003VA00000J8x15YAB"
"12436447","003VA00000J8x16YAB"
"12436421","003VA00000J8x17YAB"
"12436420","003VA00000J8x18YAB"
"12436415","003VA00000J8x0sYAB"
"12436405","003VA00000JaBMTYA3"
"12436397","003VA00000JfoafYAB"
"12436396","003VA00000JfoagYAB"
"12436378","003VA00000J8x0uYAB"
"12436370","003VA00000J8x0xYAB"
"12436369","003VA00000J8x0vYAB"
"12436368","003VA00000JfoaqYAB"
"12436365","003VA00000J8x0yYAB"
"12436356","003VA00000J8x10YAB"
"12436355","003VA00000J8x12YAB"
"12436354","003VA00000J8x13YAB"
"12436351","003VA00000J8x1EYAR"
"12436350","003VA00000J8x1FYAR"
"12436342","003VA00000J8x1IYAR"
"12436341","003VA00000J8x1HYAR"
"12436339","003VA00000J8x1JYAR"
"12436338","003VA00000J8x1KYAR"
"12436334","003VA00000J8x1MYAR"
"12436333","003VA00000J8x1LYAR"
"12436331","003VA00000J8x1OYAR"
"12436328","003VA00000J8x1NYAR"
"12436278","003VA00000J8x1AYAR"
"12436236","003VA00000JfobfYAB"
"12436235","003VA00000J8x1DYAR"
"12436234","003VA00000JfobhYAB"
"12436220","003VA00000J89MMYAZ"
"12436219","003VA00000J89MPYAZ"
"12436218","003VA00000J89MQYAZ"
"12436217","003VA00000J89MOYAZ"
"12436214","003VA00000J89MSYAZ"
"12436212","003VA00000J89MRYAZ"
"12436210","003VA00000J89MVYAZ"
"12436209","003VA00000J89MTYAZ"
"12436208","003VA00000J89MUYAZ"
"12436206","003VA00000J8wzyYAB"
"12436205","003VA00000J89MWYAZ"
"12436204","003VA00000J8wzxYAB"
"12436202","003VA00000J8x01YAB"
"12436201","003VA00000J8wzzYAB"
"12436200","003VA00000J8x00YAB"
"12436191","003VA00000J8x02YAB"
"12436190","003VA00000J8x03YAB"
"12436187","003VA00000J8x05YAB"
"12436186","003VA00000J8x06YAB"
"12436184","003VA00000J8x04YAB"
"12436183","003VA00000J8x08YAB"
"12436182","003VA00000J8x09YAB"
"12436180","003VA00000J8x07YAB"
"12436172","003VA00000J8x0AYAR"
"12436166","003VA00000J8x0DYAR"
"12436165","003VA00000J8x0BYAR"
"12436164","003VA00000J8x0CYAR"
"12436163","003VA00000J8x0EYAR"
"12436162","003VA00000J8x0FYAR"
"12436155","003VA00000J89M9YAJ"
"12436153","003VA00000J89M8YAJ"
"12436147","003VA00000J89MBYAZ"
"12436142","003VA00000J89MDYAZ"
"12436141","003VA00000J89MCYAZ"
"12436139","003VA00000J89MEYAZ"
"12436138","003VA00000J89MFYAZ"
"12436130","003VA00000J89MGYAZ"
"12436122","003VA00000J89MHYAZ"
"12436111","003VA00000J89MJYAZ"
"12436110","003VA00000J89MKYAZ"
"12436076","003VA00000J8x0fYAB"
"12436075","003VA00000J8x0gYAB"
"12436042","003VA00000J8x0lYAB"
"12436041","003VA00000J8x0iYAB"
"12436040","003VA00000J8x0kYAB"
"12436039","003VA00000J8x0oYAB"
"12436038","003VA00000J8x0pYAB"
"12436037","003VA00000J8x0mYAB"
"12436036","003VA00000J8x0nYAB"
"12436035","003VA00000J8x0qYAB"
"12436034","003VA00000J8x0rYAB"
"12436027","003VA00000J8x0GYAR"
"12436023","003VA00000J8x0IYAR"
"12436022","003VA00000J8x0JYAR"
"12436021","003VA00000J8x0HYAR"
"12436019","003VA00000J8x0LYAR"
"12436018","003VA00000J8x0MYAR"
"12436016","003VA00000J8x0KYAR"
"12436014","003VA00000J8x0NYAR"
"12436010","003VA00000J8x0QYAR"
"12436009","003VA00000J8x0OYAR"
"12436008","003VA00000J8x0PYAR"
"12436007","003VA00000J8x0TYAR"
"12436005","003VA00000J8x0RYAR"
"12436004","003VA00000J8x0SYAR"
"12436003","003VA00000J8x0WYAR"
"12436002","003VA00000J8x0XYAR"
"12436001","003VA00000J8x0VYAR"
"12435999","003VA00000J8x0aYAB"
"12435998","003VA00000J8x0bYAB"
"12435997","003VA00000J8x0YYAR"
"12435996","003VA00000J8x0ZYAR"
"12435995","003VA00000J8x0eYAB"
"12435993","003VA00000J8x0dYAB"
"12435938","003VA00000J89LsYAJ"
"12435937","003VA00000J89LqYAJ"
"12435936","003VA00000J89LrYAJ"
"12435935","003VA00000J89LvYAJ"
"12435934","003VA00000J89LwYAJ"
"12435932","003VA00000J89LuYAJ"
"12435907","003VA00000J89LyYAJ"
"12435905","003VA00000J89LxYAJ"
"12435904","003VA00000JfoWHYAZ"
"12435903","003VA00000JfoVDYAZ"
"12435890","003VA00000JaBIeYAN"
"12435887","003VA00000J89LkYAJ"
"12435885","003VA00000J89LjYAJ"
"12435842","003VA00000J89LpYAJ"
"12435840","003VA00000J89LnYAJ"
"12435836","003VA00000J89M5YAJ"
"12435783","003VA00000J89M7YAJ"
"12435774","003VA00000JfoWRYAZ"
"12435773","003VA00000JfoWKYAZ"
"12435772","003VA00000JfoWNYAZ"
"12435771","003VA00000JfoWXYAZ"
"12435767","003VA00000J89LzYAJ"
"12435766","003VA00000JfoWcYAJ"
"12435765","003VA00000JfoWZYAZ"
"12435755","003VA00000J89M1YAJ"
"12435752","003VA00000J89M0YAJ"
"12435749","003VA00000J89M2YAJ"
"12435662","003VA00000J89LKYAZ"
"12435660","003VA00000J89LJYAZ"
"12435659","003VA00000J89LMYAZ"
"12435651","003VA00000JZbFnYAL"
"12435634","003VA00000J89L5YAJ"
"12435632","003VA00000Jf0mmYAB"
"12435631","003VA00000Jf0mpYAB"
"12435611","003VA00000J89L7YAJ"
"12435609","003VA00000J89L6YAJ"
"12435605","003VA00000J89L8YAJ"
"12435602","003VA00000J89LAYAZ"
"12435601","003VA00000Jf0n8YAB"
"12435600","003VA00000Jf0nAYAR"
"12435598","003VA00000Jf0nGYAR"
"12435597","003VA00000J89LBYAZ"
"12435594","003VA00000Jf0nLYAR"
"12435592",""
"12435584","003VA00000J89LCYAZ"
"12435583","003VA00000J89LVYAZ"
"12435581","003VA00000J89LUYAZ"
"12435573","003VA00000J89LYYAZ"
"12435572","003VA00000J89LZYAZ"
"12435559","003VA00000J89LcYAJ"
"12435552","003VA00000J89LdYAJ"
"12435551","003VA00000J89LeYAJ"
"12435543","003VA00000J89LhYAJ"
"12435540","003VA00000J89LgYAJ"
"12435539","003VA00000J89LiYAJ"
"12435497","003VA00000J89LNYAZ"
"12435496","003VA00000J89LOYAZ"
"12435495","003VA00000J89LRYAZ"
"12435494","003VA00000J89LSYAZ"
"12435493","003VA00000J89LPYAZ"
"12435492","003VA00000J89LQYAZ"
"12435491","003VA00000J89LTYAZ"
"12435455","003VA00000J8xJmYAJ"
"12435454","003VA00000Jfp2lYAB"
"12435452","003VA00000Jfp2jYAB"
"12435451","003VA00000J8xJnYAJ"
"12435440","003VA00000Jfp2pYAB"
"12435439","003VA00000J8xJoYAJ"
"12435438","003VA00000J8xJpYAJ"
"12435437","003VA00000Jfp2qYAB"
"12435424","003VA00000J8xJqYAJ"
"12435365","003VA00000J8xJgYAJ"
"12435362","003VA00000JaBonYAF"
"12435342","003VA00000J8xJiYAJ"
"12435341","003VA00000J8xJhYAJ"
"12435339","003VA00000J8xJkYAJ"
"12435337","003VA00000Jfp2dYAB"
"12435336","003VA00000J8xJjYAJ"
"12435328","003VA00000J8xJlYAJ"
"12435324","003VA00000Jfp3rYAB"
"12435320","003VA00000J8xK1YAJ"
"12435311","003VA00000J8xK2YAJ"
"12435297","003VA00000J8xK4YAJ"
"12435242","003VA00000J8xJuYAJ"
"12435241","003VA00000J8xJtYAJ"
"12435239","003VA00000J8xJvYAJ"
"12435238","003VA00000J8xJwYAJ"
"12435233","003VA00000JjnXSYAZ"
"12435220","003VA00000J8xJxYAJ"
"12435219","003VA00000J8xJyYAJ"
"12435218","003VA00000Jfp3dYAB"
"12435199","003VA00000J8xJOYAZ"
"12435195","003VA00000J8xJPYAZ"
"12435194","003VA00000Jfp0SYAR"
"12435193","003VA00000Jfp0RYAR"
"12435190","003VA00000J8xJQYAZ"
"12435189","003VA00000Jfp0TYAR"
"12435170","003VA00000J8xJRYAZ"
"12435063","003VA00000J8xJXYAZ"
"12435062","003VA00000J8xJYYAZ"
"12435061","003VA00000J8xJVYAZ"
"12435060","003VA00000J8xJWYAZ"
"12435050","003VA00000J8xJZYAZ"
"12435049","003VA00000Jfp1hYAB"
"12435048","003VA00000Jfp1jYAB"
"12435047","003VA00000J8xJaYAJ"
"12435046","003VA00000J8xJbYAJ"
"12435045","003VA00000Jfp1mYAB"
"12435029","003VA00000J8xJdYAJ"
"12435027","003VA00000J8xJeYAJ"
"12435023","003VA00000Jfp20YAB"
"12435022","003VA00000Jfp22YAB"
"12435017","003VA00000Jfp25YAB"
"12435015","003VA00000Jfp2CYAR"
"12435006","003VA00000J8xJSYAZ"
"12434986","003VA00000J8xJTYAZ"
"12434934","003VA00000J8xJ1YAJ"
"12434933","003VA00000J8xJ0YAJ"
"12434932",""
"12434931",""
"12434911","003VA00000J8xJ3YAJ"
"12434905","003VA00000J8xJ4YAJ"
"12434904","003VA00000J8xJ5YAJ"
"12434903","003VA00000J8xJ6YAJ"
"12434902",""
"12434901","003VA00000JfoyqYAB"
"12434900","003VA00000JfoyrYAB"
"12434895",""
"12434885","003VA00000J8xJ7YAJ"
"12434884","003VA00000J8xJ8YAJ"
"12434881","003VA00000J8xJ9YAJ"
"12434864","003VA00000J8xIuYAJ"
"12434863","003VA00000J8xIwYAJ"
"12434861","003VA00000J8xIvYAJ"
"12434843","003VA00000J8xIyYAJ"
"12434840","003VA00000J8xIxYAJ"
"12434782","003VA00000J8xJHYAZ"
"12434769","003VA00000JaBmbYAF"
"12434760","003VA00000J8xJIYAZ"
"12434759",""
"12434758","003VA00000JfozwYAB"
"12434757","003VA00000JfozsYAB"
"12434756","003VA00000JfoztYAB"
"12434746","003VA00000J8xJAYAZ"
"12434743","003VA00000J8xJBYAZ"
"12434725","003VA00000J8xJDYAZ"
"12434724","003VA00000J8xJEYAZ"
"12434721","003VA00000J8xJFYAZ"
"12434708","003VA00000J8xJGYAZ"
"12434652","003VA00000J8xIMYAZ"
"12434633","003VA00000JfotlYAB"
"12434632","003VA00000JfotnYAB"
"12434631","003VA00000JfotqYAB"
"12434628","003VA00000J8xINYAZ"
"12434608","003VA00000J8xIEYAZ"
"12434606","003VA00000J8xIGYAZ"
"12434599","003VA00000JfoslYAB"
"12434598","003VA00000JfosoYAB"
"12434596",""
"12434593","003VA00000J8xIHYAZ"
"12434591","003VA00000J8xIJYAZ"
"12434589","003VA00000J8xIIYAZ"
"12434585","003VA00000J8xIKYAZ"
"12434549","003VA00000J8xIqYAJ"
"12434534","003VA00000J8xIrYAJ"
"12434533","003VA00000JfoucYAB"
"12434532",""
"12434531","003VA00000JfouiYAB"
"12434530","003VA00000JfoukYAB"
"12434529","003VA00000JfoufYAB"
"12434528","003VA00000JfouhYAB"
"12434527","003VA00000JfounYAB"
"12434513","003VA00000JCqGyYAL"
"12434512","003VA00000J8xIsYAJ"
"12434507","003VA00000JaBkdYAF"
"12434503","003VA00000J8xItYAJ"
"12434487","003VA00000J8xIRYAZ"
"12434485","003VA00000J8xIOYAZ"
"12434464","003VA00000JCqFzYAL"
"12434426","003VA00000J8xHqYAJ"
"12434424","003VA00000J8xHoYAJ"
"12434423","003VA00000J8xHsYAJ"
"12434422","003VA00000J8xHtYAJ"
"12434420","003VA00000J8xHrYAJ"
"12434418","003VA00000JjnWyYAJ"
"12434410","003VA00000JaBhHYAV"
"12434404","003VA00000J8xHvYAJ"
"12434401","003VA00000J8xHwYAJ"
"12434400","003VA00000J8xHxYAJ"
"12434399","003VA00000J8xHyYAJ"
"12434398","003VA00000J8xHzYAJ"
"12434397",""
"12434396","003VA00000JforCYAR"
"12434395","003VA00000JforFYAR"
"12434394","003VA00000JforGYAR"
"12434393","003VA00000JforDYAR"
"12434392","003VA00000JforEYAR"
"12434390","003VA00000JforIYAR"
"12434362","003VA00000J8xHbYAJ"
"12434361","003VA00000J8xHaYAJ"
"12434328","003VA00000J8xHeYAJ"
"12434280","003VA00000J8xIBYAZ"
"12434277","003VA00000JCqDdYAL"
"12434256","003VA00000JfosJYAR"
"12434255",""
"12434254","003VA00000JfosQYAR"
"12434253","003VA00000JfosMYAR"
"12434252",""
"12434251","003VA00000J8xICYAZ"
"12434234","003VA00000J8xI0YAJ"
"12434230","003VA00000J8xI1YAJ"
"12434229","003VA00000JforQYAR"
"12434226",""
"12434225","003VA00000JforTYAR"
"12434208","003VA00000J8xI3YAJ"
"12434204","003VA00000J8xI4YAJ"
"12434201","003VA00000JforgYAB"
"12434200","003VA00000J8xI5YAJ"
"12434199","003VA00000J8xI6YAJ"
"12434194","003VA00000J8xI8YAJ"
"12434156","003VA00000J8xGoYAJ"
"12434137","003VA00000J8xGpYAJ"
"12434136","003VA00000J8xGqYAJ"
"12434127","003VA00000J8xGrYAJ"
"12434114","003VA00000J8xGsYAJ"
"12434109","003VA00000J8xGbYAJ"
"12434096","003VA00000J8xGeYAJ"
"12434095","003VA00000J8xGgYAJ"
"12434048","003VA00000J8xGnYAJ"
"12434045","003VA00000J8xHNYAZ"
"12434044","003VA00000J8xHOYAZ"
"12434043","003VA00000J8xHQYAZ"
"12434041","003VA00000J8xHPYAZ"
"12434025","003VA00000JaBg2YAF"
"12434009","003VA00000J8xHWYAZ"
"12434008","003VA00000JfoqIYAR"
"12434007","003VA00000JfoqLYAR"
"12434006","003VA00000J8xHXYAZ"
"12434005","003VA00000JfoqJYAR"
"12434004",""
"12434003","003VA00000JfoqMYAR"
"12433990","003VA00000J8xHZYAZ"
"12433989","003VA00000J8xHYYAZ"
"12433965","003VA00000JaBfVYAV"
"12433962","003VA00000J8xGvYAJ"
"12433952","003VA00000J8xGyYAJ"
"12433947","003VA00000J8xH6YAJ"
"12433944","003VA00000J8xH4YAJ"
"12433892","003VA00000J8xFjYAJ"
"12433890","003VA00000J8xFnYAJ"
"12433889","003VA00000J8xFmYAJ"
"12433864","003VA00000J8xFoYAJ"
"12433863","003VA00000JfonuYAB"
"12433844","003VA00000J8xFXYAZ"
"12433839","003VA00000J8xFYYAZ"
"12433836","003VA00000JfonNYAR"
"12433835","003VA00000JfonUYAR"
"12433834","003VA00000JfonVYAR"
"12433833","003VA00000J8xFZYAZ"
"12433824","003VA00000J8xFbYAJ"
"12433812","003VA00000J8xFcYAJ"
"12433808","003VA00000J8xFdYAJ"
"12433743","003VA00000J8xGNYAZ"
"12433739","003VA00000J8xGSYAZ"
"12433738","003VA00000J8xGTYAZ"
"12433732","003VA00000J8xGWYAZ"
"12433726","003VA00000JjnXIYAZ"
"12433717","003VA00000JaBdTYAV"
"12433709",""
"12433706",""
"12433691","003VA00000J8xFrYAJ"
"12433689","003VA00000J8xFqYAJ"
"12433687","003VA00000J8xFtYAJ"
"12433682","003VA00000J8xFuYAJ"
"12433673","003VA00000JfooKYAR"
"12433667","003VA00000J8xFvYAJ"
"12433657","003VA00000JfomOYAR"
"12433647","003VA00000J8xFFYAZ"
"12433564","003VA00000J8xFBYAZ"
"12433563","003VA00000J8xFCYAZ"
"12433552","003VA00000Jfom3YAB"
"12433551","003VA00000Jfom8YAB"
"12433550","003VA00000JfomDYAR"
"12433549","003VA00000Jfom5YAB"
"12433548",""
"12433547","003VA00000JfomFYAR"
"12433534","003VA00000J8xFKYAZ"
"12433532","003VA00000J8xFJYAZ"
"12433497","003VA00000Jfon7YAB"
"12433494","003VA00000JfonBYAR"
"12433493","003VA00000Jfon9YAB"
"12433491","003VA00000J8xFQYAZ"
"12433487","003VA00000J8xFSYAZ"
"12433484","003VA00000J8xFRYAZ"
"12433480","003VA00000J8xFTYAZ"
"12433474","003VA00000JfonEYAR"
"12433456","003VA00000JfomaYAB"
"12433431","003VA00000J8xFGYAZ"
"12433417","003VA00000J8xFHYAZ"
"12433410","003VA00000JCq1LYAT"
"12433404","003VA00000J8xEuYAJ"
"12433398","003VA00000J8xExYAJ"
"12433397","003VA00000J8xEvYAJ"
"12433396","003VA00000J8xEwYAJ"
"12433388","003VA00000J8xEyYAJ"
"12433386","003VA00000J8xEzYAJ"
"12433356","003VA00000J8xF2YAJ"
"12433330","003VA00000J8xEkYAJ"
"12433329","003VA00000J8xEiYAJ"
"12433328","003VA00000J8xEjYAJ"
"12433323","003VA00000JaBV0YAN"
"12433312","003VA00000JfokSYAR"
"12433311","003VA00000J8xEmYAJ"
"12433310","003VA00000JfokVYAR"
"12433309","003VA00000JfokTYAR"
"12433295","003VA00000J8xEpYAJ"
"12433292","003VA00000J8xEoYAJ"
"12433291","003VA00000J8xErYAJ"
"12433290","003VA00000J8xEsYAJ"
"12433289","003VA00000J8xEqYAJ"
"12433288","003VA00000JfokfYAB"
"12433287",""
"12433286","003VA00000JfokiYAB"
"12433285","003VA00000JfokgYAB"
"12433284","003VA00000JfokhYAB"
"12433283","003VA00000JfokjYAB"
"12433282","003VA00000JfokkYAB"
"12433278","003VA00000J8xF8YAJ"
"12433277","003VA00000J8xF7YAJ"
"12433267","003VA00000J8xF9YAJ"
"12433236","003VA00000J8xFAYAZ"
"12433214","003VA00000J8xF3YAJ"
"12433194","003VA00000J8xF4YAJ"
"12433185","003VA00000J8xF5YAJ"
"12433184","003VA00000Jfol7YAB"
"12433178","003VA00000J8xF6YAJ"
"12433177","003VA00000JfolBYAR"
"12433143","003VA00000J8xEOYAZ"
"12433142","003VA00000J8xEPYAZ"
"12433132","003VA00000J8xEQYAZ"
"12433128","003VA00000J8xERYAZ"
"12433121","003VA00000J8xESYAZ"
"12433118","003VA00000J8xETYAZ"
"12433084","003VA00000J8xEIYAZ"
"12433063","003VA00000J8xELYAZ"
"12432989","003VA00000J8xEcYAJ"
"12432988","003VA00000J8xEdYAJ"
"12432980","003VA00000JaBUaYAN"
"12432977","003VA00000J8xEeYAJ"
"12432971","003VA00000J8xEfYAJ"
"12432965","003VA00000J8xEgYAJ"
"12432964","003VA00000J8xEhYAJ"
"12432963","003VA00000JfokFYAR"
"12432962","003VA00000JfokGYAR"
"12432961","003VA00000JfokDYAR"
"12432960","003VA00000JfokEYAR"
"12432959","003VA00000JfojDYAR"
"12432958","003VA00000JfojEYAR"
"12432957","003VA00000JfojBYAR"
"12432956",""
"12432955","003VA00000JfojGYAR"
"12432954","003VA00000JfojJYAR"
"12432936","003VA00000JfojQYAR"
"12432930","003VA00000J8xEUYAZ"
"12432927","003VA00000JfojTYAR"
"12432926","003VA00000JfojVYAR"
"12432920",""
"12432919",""
"12432909","003VA00000J8xEaYAJ"
"12432898","003VA00000J8xEbYAJ"
"12432891","003VA00000J8xDqYAJ"
"12432863","003VA00000J8xDvYAJ"
"12432858","003VA00000J8xDwYAJ"
"12432855","003VA00000JaBRWYA3"
"12432849","003VA00000JaBRYYA3"
"12432846","003VA00000Jfog3YAB"
"12432842","003VA00000J8xDyYAJ"
"12432839","003VA00000Jfog8YAB"
"12432825","003VA00000J8xDSYAZ"
"12432808","003VA00000J8xDaYAJ"
"12432807","003VA00000J8xDdYAJ"
"12432791","003VA00000J8xDmYAJ"
"12432788","003VA00000J8xDlYAJ"
"12432775","003VA00000J8xDoYAJ"
"12432651","003VA00000J8xE9YAJ"
"12432648","003VA00000J8xE8YAJ"
"12432647","003VA00000J8xEBYAZ"
"12432646","003VA00000J8xECYAZ"
"12432642","003VA00000JfogbYAB"
"12432641","003VA00000JfogYYAR"
"12432640","003VA00000JfogaYAB"
"12432618",""
"12432617","003VA00000JfoeIYAR"
"12432616","003VA00000JfoeJYAR"
"12432615","003VA00000JfoeMYAR"
"12432603","003VA00000J8xCuYAJ"
"12432602",""
"12432587","003VA00000J8xCzYAJ"
"12432584","003VA00000J8xCyYAJ"
"12432518","003VA00000J8xBDYAZ"
"12432453","003VA00000J8xDRYAZ"
"12432430","003VA00000J8xD2YAJ"
"12432429","003VA00000JfoegYAB"
"12432428","003VA00000JfoehYAB"
"12432427","003VA00000J8xD3YAJ"
"12432426","003VA00000JfoeiYAB"
"12432400","003VA00000J8xDBYAZ"
"12432397","003VA00000JfoewYAB"
"12432395","003VA00000JfoezYAB"
"12432393","003VA00000JaBPoYAN"
"12432392","003VA00000J8xDCYAZ"
"12432391",""
"12432390","003VA00000Jfof2YAB"
"12432373","003VA00000J8xAiYAJ"
"12432369","003VA00000J8xAjYAJ"
"12432366","003VA00000Jfob6YAB"
"12432363","003VA00000Jfob8YAB"
"12432362",""
"12432361","003VA00000Jfob7YAB"
"12432260","003VA00000J8xAhYAJ"
"12432250","003VA00000JfobpYAB"
"12432249","003VA00000JfoboYAB"
"12432246","003VA00000JfobsYAB"
"12432245",""
"12432244","003VA00000JfobrYAB"
"12432243","003VA00000JfobvYAB"
"12432239","003VA00000JfobzYAB"
"12432238","003VA00000Jfoc0YAB"
"12432237","003VA00000JfobxYAB"
"12432236","003VA00000JfobyYAB"
"12432235","003VA00000Jfoc2YAB"
"12432148","003VA00000J8xAvYAJ"
"12432147","003VA00000JfobbYAB"
"12432146","003VA00000JfobcYAB"
"12432145","003VA00000JfobYYAR"
"12432144","003VA00000JfobZYAR"
"12432143",""
"12432141","003VA00000JfobdYAB"
"12432139","003VA00000J8xAyYAJ"
"12432136","003VA00000J8xAxYAJ"
"12432133","003VA00000J8xAzYAJ"
"12432132","003VA00000J8xB0YAJ"
"12432113","003VA00000J8xA3YAJ"
"12432110","003VA00000J8xA4YAJ"
"12432056","003VA00000J8x9tYAB"
"12432055","003VA00000J8x9uYAB"
"12432052","003VA00000JjNLmYAN"
"12432049","003VA00000JjNLoYAN"
"12432042","003VA00000J8x9zYAB"
"12432041","003VA00000J8x9yYAB"
"12432039","003VA00000JfoZDYAZ"
"12432038","003VA00000JfoZFYAZ"
"12432037","003VA00000JfoZCYAZ"
"12432035","003VA00000JfoZKYAZ"
"12432034","003VA00000JfoZMYAZ"
"12432033","003VA00000JfoZHYAZ"
"12432032","003VA00000JfoZJYAZ"
"12432031","003VA00000JfoZOYAZ"
"12432030","003VA00000JfoZQYAZ"
"12432029","003VA00000JfoZNYAZ"
"12432019","003VA00000J8xA1YAJ"
"12432010","003VA00000JfoZZYAZ"
"12432009","003VA00000JfoZXYAZ"
"12432008","003VA00000JfoZYYAZ"
"12431997","003VA00000JfoaEYAR"
"12431996","003VA00000JfoaFYAR"
"12431993","003VA00000J8xASYAZ"
"12431992","003VA00000JfoaGYAR"
"12431989","003VA00000J8xATYAZ"
"12431987","003VA00000J8xAWYAZ"
"12431986","003VA00000J8xAXYAZ"
"12431985","003VA00000J8xAVYAZ"
"12431938","003VA00000J8xAcYAJ"
"12431885","003VA00000J8xALYAZ"
"12431882","003VA00000J8xAOYAZ"
"12431881","003VA00000J8xANYAZ"
"12431878","003VA00000J8xARYAZ"
"12431876","003VA00000J8xAQYAZ"
"12431870","003VA00000JfoVeYAJ"
"12431864","003VA00000JfoVfYAJ"
"12431863","003VA00000JfoVjYAJ"
"12431862","003VA00000JfoVlYAJ"
"12431861","003VA00000JfoVhYAJ"
"12431859","003VA00000JfoVoYAJ"
"12431858","003VA00000JfoVpYAJ"
"12431857","003VA00000JfoVmYAJ"
"12431855","003VA00000J8x9EYAR"
"12431854","003VA00000JfoVuYAJ"
"12431853","003VA00000JfoVrYAJ"
"12431845","003VA00000J8x9FYAR"
"12431840","003VA00000J8x9GYAR"
"12431839","003VA00000J8x9HYAR"
"12431838","003VA00000J8x9IYAR"
"12431833","003VA00000J8x9JYAR"
"12431832","003VA00000JfoVyYAJ"
"12431831","003VA00000JfoW0YAJ"
"12431830","003VA00000JfoW2YAJ"
"12431828","003VA00000JfoVzYAJ"
"12431827","003VA00000JfoW7YAJ"
"12431826","003VA00000JfoW8YAJ"
"12431825","003VA00000JfoW3YAJ"
"12431824","003VA00000JfoW5YAJ"
"12431823","003VA00000J8x9KYAR"
"12431818","003VA00000J8x9LYAR"
"12431811","003VA00000J8x9MYAR"
"12431810",""
"12431809","003VA00000JfoWFYAZ"
"12431802","003VA00000J8x8rYAB"
"12431801","003VA00000J8x8qYAB"
"12431799","003VA00000J8x8uYAB"
"12431798","003VA00000J8x8vYAB"
"12431796","003VA00000J8x8tYAB"
"12431715","003VA00000J8x9hYAB"
"12431706","003VA00000JfoXIYAZ"
"12431705","003VA00000JfoXGYAZ"
"12431704","003VA00000JfoXHYAZ"
"12431703","003VA00000J8x9kYAB"
"12431702",""
"12431701","003VA00000J8x9jYAB"
"12431700","003VA00000JfoXJYAZ"
"12431699","003VA00000JfoXLYAZ"
"12431698","003VA00000J8x9mYAB"
"12431697","003VA00000J8x9lYAB"
"12431694","003VA00000J8x9nYAB"
"12431689","003VA00000J8x9oYAB"
"12431683",""
"12431682","003VA00000JfoZ6YAJ"
"12431681","003VA00000JfoZ5YAJ"
"12431680","003VA00000J8x9qYAB"
"12431679","003VA00000JfoWPYAZ"
"12431678","003VA00000JfoWQYAZ"
"12431677","003VA00000JfoWJYAZ"
"12431676","003VA00000JfoWMYAZ"
"12431675","003VA00000JfoWWYAZ"
"12431674",""
"12431673","003VA00000JfoWTYAZ"
"12431672","003VA00000JfoWVYAZ"
"12431671","003VA00000JfoWbYAJ"
"12431669","003VA00000JfoWYYAZ"
"12431668","003VA00000JfoWaYAJ"
"12431664","003VA00000J8x9NYAR"
"12431661","003VA00000JfoWgYAJ"
"12431658","003VA00000JfoWlYAJ"
"12431629","003VA00000J8x9aYAB"
"12431626","003VA00000JfoWyYAJ"
"12431622","003VA00000J8x9cYAB"
"12431620","003VA00000J8x9bYAB"
"12431617","003VA00000J8x9dYAB"
"12431611","003VA00000J8x8WYAR"
"12431606","003VA00000J8x8YYAR"
"12431604","003VA00000J8x8XYAR"
"12431602","003VA00000J8x8aYAB"
"12431601","003VA00000J8x8ZYAR"
"12431587","003VA00000J8x8bYAB"
"12431552","003VA00000J8x8dYAB"
"12431525","003VA00000Jf0msYAB"
"12431524","003VA00000J8x8QYAR"
"12431523","003VA00000Jf0mzYAB"
"12431522","003VA00000Jf0n1YAB"
"12431521","003VA00000Jf0mvYAB"
"12431520","003VA00000Jf0myYAB"
"12431519","003VA00000J8x8RYAR"
"12431517","003VA00000JjNLyYAN"
"12431506","003VA00000J8x8SYAR"
"12431503","003VA00000J8x8UYAR"
"12431501","003VA00000Jf0nDYAR"
"12431497","003VA00000Jf0nIYAR"
"12431496","003VA00000Jf0nJYAR"
"12431495","003VA00000Jf0nPYAR"
"12431492","003VA00000J8x8VYAR"
"12431491","003VA00000Jf0nRYAR"
"12431490","003VA00000Jf0nSYAR"
"12431489","003VA00000Jf0nQYAR"
"12431488",""
"12431487","003VA00000JfoUpYAJ"
"12431486","003VA00000JfoUrYAJ"
"12431485","003VA00000JfoUoYAJ"
"12431484",""
"12431463","003VA00000JfoV0YAJ"
"12431462","003VA00000JfoV1YAJ"
"12431459","003VA00000J8x8nYAB"
"12431411","003VA00000J8x8fYAB"
"12431405","003VA00000JZbFtYAL"
"12431400","003VA00000J8x8gYAB"
"12431399","003VA00000JfoUdYAJ"
"12431398","003VA00000JfoUeYAJ"
"12431397",""
"12431396","003VA00000JfoUcYAJ"
"12431395","003VA00000JfoUfYAJ"
"12431380","003VA00000J8x8hYAB"
"12431372","003VA00000JfoUiYAJ"
"12431356",""
"12431354",""
"12431291","003VA00000J8x7oYAB"
"12431290","003VA00000J8x7pYAB"
"12431289","003VA00000J8x7nYAB"
"12431273","003VA00000J8x7rYAB"
"12431272","003VA00000Jfp2QYAR"
"12431271",""
"12431270","003VA00000Jfp2UYAR"
"12431264","003VA00000J8x7sYAB"
"12431262","003VA00000J8x7tYAB"
"12431251","003VA00000J8x7uYAB"
"12431250","003VA00000Jfp2cYAB"
"12431249","003VA00000Jfp2ZYAR"
"12431247","003VA00000J8x7wYAB"
"12431245","003VA00000J8x7vYAB"
"12431240","003VA00000J8x7xYAB"
"12431231","003VA00000J8x8MYAR"
"12431133","003VA00000J8x8HYAR"
"12431132","003VA00000J8x8IYAR"
"12431126","003VA00000JaBpnYAF"
"12431124","003VA00000JaBpmYAF"
"12431111","003VA00000J8x8LYAR"
"12431109","003VA00000J8x8JYAR"
"12431108","003VA00000Jfp3lYAB"
"12431103","003VA00000J8x7IYAR"
"12431084","003VA00000Jfp0YYAR"
"12431083","003VA00000Jfp0aYAB"
"12431082","003VA00000Jfp0bYAB"
"12431081","003VA00000Jfp0ZYAR"
"12431073","003VA00000J8x7JYAR"
"12431072",""
"12431071","003VA00000Jfp0hYAB"
"12431068",""
"12431067","003VA00000Jfp0iYAB"
"12431066","003VA00000J8x7LYAR"
"12431064","003VA00000J8x7KYAR"
"12430959","003VA00000J8x7dYAB"
"12430948","003VA00000J8x7eYAB"
"12430931","003VA00000J8x7iYAB"
"12430923","003VA00000Jfp29YAB"
"12430922",""
"12430921","003VA00000Jfp24YAB"
"12430920","003VA00000Jfp27YAB"
"12430918","003VA00000Jfp2EYAR"
"12430916","003VA00000Jfp2BYAR"
"12430915","003VA00000J8x7mYAB"
"12430914",""
"12430913",""
"12430912",""
"12430909","003VA00000J8x7MYAR"
"12430899","003VA00000J8x7QYAR"
"12430897","003VA00000J8x7PYAR"
"12430871","003VA00000J8x7XYAR"
"12430868","003VA00000J8x7VYAR"
"12430867","003VA00000J8x7ZYAR"
"12430853","003VA00000Jfp1YYAR"
"12430852","003VA00000J8x7cYAB"
"12430839","003VA00000J8x6KYAR"
"12430757","003VA00000Jfov7YAB"
"12430756","003VA00000J8x62YAB"
"12430744","003VA00000JjnWhYAJ"
"12430737","003VA00000J8x6BYAR"
"12430736","003VA00000JfovLYAR"
"12430735","003VA00000J8x6FYAR"
"12430734","003VA00000J8x6GYAR"
"12430733",""
"12430732","003VA00000J8x6EYAR"
"12430731","003VA00000JfovPYAR"
"12430730","003VA00000JfovQYAR"
"12430729","003VA00000JfovNYAR"
"12430728","003VA00000JfovOYAR"
"12430727",""
"12430723",""
"12430722","003VA00000J8x6JYAR"
"12430717","003VA00000J8x6bYAB"
"12430715","003VA00000J8x6eYAB"
"12430714","003VA00000J8x6fYAB"
"12430713","003VA00000J8x6cYAB"
"12430712","003VA00000J8x6dYAB"
"12430711","003VA00000J8x6jYAB"
"12430710","003VA00000J8x6kYAB"
"12430709","003VA00000J8x6gYAB"
"12430708","003VA00000J8x6iYAB"
"12430707","003VA00000J8x6nYAB"
"12430706","003VA00000J8x6oYAB"
"12430705","003VA00000J8x6lYAB"
"12430704","003VA00000J8x6mYAB"
"12430703","003VA00000J8x6rYAB"
"12430702","003VA00000J8x6tYAB"
"12430701","003VA00000J8x6pYAB"
"12430700","003VA00000J8x6qYAB"
"12430699","003VA00000J8x6uYAB"
"12430698","003VA00000JfozVYAR"
"12430696","003VA00000JfozUYAR"
"12430694","003VA00000J8x6wYAB"
"12430693","003VA00000J8x6vYAB"
"12430692",""
"12430691","003VA00000JfozbYAB"
"12430690","003VA00000JfozcYAB"
"12430689","003VA00000JfozXYAR"
"12430688","003VA00000JfozZYAR"
"12430681","003VA00000JfozfYAB"
"12430667","003VA00000J8x70YAB"
"12430666","003VA00000JfozrYAB"
"12430662","003VA00000J8x73YAB"
"12430640","003VA00000J8x6PYAR"
"12430632","003VA00000JaBlwYAF"
"12430627","003VA00000J8x6UYAR"
"12430626","003VA00000J8x6VYAR"
"12430625","003VA00000J8x6SYAR"
"12430624","003VA00000J8x6TYAR"
"12430623","003VA00000J8x6WYAR"
"12430618","003VA00000J8x6XYAR"
"12430591","003VA00000JfotRYAR"
"12430589",""
"12430588","003VA00000JfotQYAR"
"12430587",""
"12430585",""
"12430584","003VA00000JfotTYAR"
"12430525","003VA00000J8x5PYAR"
"12430489","003VA00000J8x5VYAR"
"12430488","003VA00000J8x5WYAR"
"12430484","003VA00000JaBjDYAV"
"12430466","003VA00000JfotPYAR"
"12430465","003VA00000JfotLYAR"
"12430464","003VA00000JfotMYAR"
"12430463",""
"12430462","003VA00000JfouTYAR"
"12430461","003VA00000JfouSYAR"
"12430453","003VA00000J8x5oYAB"
"12430445","003VA00000JfouZYAR"
"12430444","003VA00000J8x5pYAB"
"12430442","003VA00000JfoubYAB"
"12430434","003VA00000JfoujYAB"
"12430433","003VA00000JfoueYAB"
"12430432",""
"12430431","003VA00000JfoumYAB"
"12430430","003VA00000JfouoYAB"
"12430419","003VA00000J8x5uYAB"
"12430417","003VA00000J8x5sYAB"
"12430416","003VA00000J8x5tYAB"
"12430414","003VA00000J8x5yYAB"
"12430384","003VA00000J8x5eYAB"
"12430264","003VA00000J8x4xYAB"
"12430263","003VA00000JCpHgYAL"
"12430262","003VA00000J8x4yYAB"
"12430259","003VA00000J8x50YAB"
"12430253","003VA00000JCpHkYAL"
"12430246","003VA00000J8x51YAB"
"12430242","003VA00000J8x53YAB"
"12430241","003VA00000J8x52YAB"
"12430240",""
"12430238","003VA00000JfoqiYAB"
"12430236","003VA00000JfoqgYAB"
"12430235","003VA00000JfoqlYAB"
"12430234","003VA00000JfoqnYAB"
"12430233","003VA00000J8x54YAB"
"12430232","003VA00000JfoqjYAB"
"12430231","003VA00000JfoqqYAB"
"12430220","003VA00000J8x55YAB"
"12430218","003VA00000J8x57YAB"
"12430217","003VA00000J8x56YAB"
"12430212","003VA00000JfoqwYAB"
"12430211","003VA00000JfoqyYAB"
"12430210","003VA00000Jfor0YAB"
"12430209",""
"12430207","003VA00000Jfos0YAB"
"12430200","003VA00000J8x5DYAR"
"12430177","003VA00000JfosBYAR"
"12430164","003VA00000J8x5LYAR"
"12430112",""
"12430110","003VA00000JforeYAB"
"12430109","003VA00000JforcYAB"
"12430105","003VA00000JforfYAB"
"12430104","003VA00000J8x5BYAR"
"12430103","003VA00000JforkYAB"
"12430102","003VA00000JforlYAB"
"12430100","003VA00000JforjYAB"
"12430093","003VA00000J8x5CYAR"
"12430081","003VA00000JforuYAB"
"12430080","003VA00000JforwYAB"
"12430079","003VA00000JfopDYAR"
"12430078",""
"12430077","003VA00000JfopBYAR"
"12430076","003VA00000JfopCYAR"
"12430075",""
"12430074",""
"12430073","003VA00000JfopFYAR"
"12430072","003VA00000JfopHYAR"
"12430071","003VA00000JfopLYAR"
"12430070","003VA00000JfopMYAR"
"12430069","003VA00000JfopJYAR"
"12430068","003VA00000JfopKYAR"
"12430064","003VA00000JaBeyYAF"
"12430062","003VA00000J8x4UYAR"
"12430059","003VA00000J8x4WYAR"
"12430045","003VA00000J8x4XYAR"
"12430043","003VA00000J8x4bYAB"
"12430040","003VA00000J8x4aYAB"
"12430035","003VA00000G78NOYAZ"
"12430034","003VA00000G78NNYAZ"
"12430033","003VA00000G78NMYAZ"
"12430032","003VA00000G78NLYAZ"
"12430029","003VA00000G78NKYAZ"
"12430009","003VA00000G78NJYAZ"
"12430008","003VA00000G78NIYAZ"
"12430007","003VA00000G78NHYAZ"
"12430006","003VA00000G78NGYAZ"
"12430005","003VA00000G78NFYAZ"
"12430004","003VA00000G78NEYAZ"
"12430003","003VA00000G78NDYAZ"
"12430002","003VA00000G78NCYAZ"
"12430001","003VA00000G78NBYAZ"
"12430000","003VA00000G78NAYAZ"
"12429999","003VA00000G78N9YAJ"
"12429998","003VA00000G78N8YAJ"
"12429997","003VA00000G78N7YAJ"
"12429996","003VA00000G78N6YAJ"
"12429995","003VA00000G78N5YAJ"
"12429994","003VA00000G78N4YAJ"
"12429993","003VA00000G78N3YAJ"
"12429992","003VA00000G78N2YAJ"
"12429991","003VA00000G78N1YAJ"
"12429990","003VA00000G78N0YAJ"
"12429989","003VA00000G78MzYAJ"
"12429988","003VA00000G78MyYAJ"
"12429987","003VA00000G78MxYAJ"
"12429983","003VA00000G78MwYAJ"
"12429982","003VA00000G78MvYAJ"
"12429980","003VA00000G78MuYAJ"
"12429979","003VA00000G78MtYAJ"
"12429978","003VA00000G78MsYAJ"
"12429977","003VA00000G78MrYAJ"
"12429976","003VA00000G78MqYAJ"
"12429975","003VA00000G78MpYAJ"
"12429974","003VA00000G78MoYAJ"
"12429973","003VA00000G78MnYAJ"
"12429972","003VA00000G78MmYAJ"
"12429971","003VA00000G78MlYAJ"
"12429970","003VA00000G78MkYAJ"
"12429968","003VA00000G78MjYAJ"
"12429967","003VA00000G78MiYAJ"
"12429966","003VA00000G78MhYAJ"
"12429963","003VA00000G78MgYAJ"
"12429962","003VA00000G78MfYAJ"
"12429961","003VA00000G78MeYAJ"
"12429960","003VA00000G78MdYAJ"
"12429959","003VA00000G78McYAJ"
"12429958","003VA00000G78MbYAJ"
"12429957","003VA00000G78MaYAJ"
"12429956","003VA00000G78MZYAZ"
"12429953","003VA00000G78MYYAZ"
"12429952","003VA00000G78MXYAZ"
"12429951","003VA00000G78MWYAZ"
"12429950","003VA00000G78MVYAZ"
"12429949","003VA00000G78MUYAZ"
"12429948","003VA00000G78MTYAZ"
"12429947","003VA00000G78MSYAZ"
"12429946","003VA00000G78MRYAZ"
"12429945","003VA00000G78MQYAZ"
"12429901","003VA00000G78MPYAZ"
"12429900","003VA00000G78MOYAZ"
"12429894","003VA00000G78MNYAZ"
"12429893","003VA00000G78MMYAZ"
"12429892","003VA00000G78MLYAZ"
"12429891","003VA00000G78MKYAZ"
"12429890","003VA00000G78MJYAZ"
"12429889","003VA00000G78MIYAZ"
"12429888","003VA00000G78MHYAZ"
"12429887","003VA00000G78MGYAZ"
"12429886","003VA00000G78MFYAZ"
"12429885","003VA00000G78MEYAZ"
"12429883","003VA00000G78MDYAZ"
"12429882","003VA00000G78MCYAZ"
"12429881","003VA00000G78MBYAZ"
"12429880","003VA00000G78MAYAZ"
"12429879","003VA00000G78M9YAJ"
"12429877","003VA00000G78M8YAJ"
"12429876","003VA00000G78M7YAJ"
"12429875","003VA00000G78M6YAJ"
"12429874","003VA00000G78M5YAJ"
"12429873","003VA00000G78M4YAJ"
"12429872","003VA00000G78M3YAJ"
"12429871","003VA00000G78M2YAJ"
"12429870","003VA00000G78M1YAJ"
"12429869","003VA00000G78M0YAJ"
"12429868","003VA00000G78LzYAJ"
"12429867","003VA00000G78LyYAJ"
"12429866","003VA00000G78LxYAJ"
"12429863","003VA00000JjbN2YAJ"
"12429862","003VA00000JjbN3YAJ"
"12429861","003VA00000G78LwYAJ"
"12429860","003VA00000G78LvYAJ"
"12429859","003VA00000G78LuYAJ"
"12429858","003VA00000G78LtYAJ"
"12429857","003VA00000JjbN5YAJ"
"12429854","003VA00000G78LsYAJ"
"12429853","003VA00000G78LrYAJ"
"12429852","003VA00000G78LqYAJ"
"12429851","003VA00000G78LpYAJ"
"12429850","003VA00000G78LoYAJ"
"12429849","003VA00000G78LnYAJ"
"12429848","003VA00000G78LmYAJ"
"12429847","003VA00000G78LlYAJ"
"12429846","003VA00000G78LkYAJ"
"12429845","003VA00000G78LjYAJ"
"12429844","003VA00000G78LiYAJ"
"12429791","003VA00000G78LhYAJ"
"12429790","003VA00000G78LgYAJ"
"12429789","003VA00000G78LfYAJ"
"12429788","003VA00000G78LeYAJ"
"12429787","003VA00000G78LdYAJ"
"12429786","003VA00000G78LcYAJ"
"12429785","003VA00000G78LbYAJ"
"12429784","003VA00000G78LaYAJ"
"12429783","003VA00000G78LZYAZ"
"12429782","003VA00000G78LYYAZ"
"12429781","003VA00000G78LXYAZ"
"12429780","003VA00000G78LWYAZ"
"12429779","003VA00000G78LVYAZ"
"12429778","003VA00000G78LUYAZ"
"12429777","003VA00000G78LTYAZ"
"12429776","003VA00000G78LSYAZ"
"12429775","003VA00000G78LRYAZ"
"12429774","003VA00000G78LQYAZ"
"12429773","003VA00000G78LPYAZ"
"12429772","003VA00000G78LOYAZ"
"12429771","003VA00000G78LNYAZ"
"12429770","003VA00000G78LMYAZ"
"12429769","003VA00000G78LLYAZ"
"12429768","003VA00000G78LKYAZ"
"12429767","003VA00000G78LJYAZ"
"12429765","003VA00000G78LIYAZ"
"12429764","003VA00000G78LHYAZ"
"12429762","003VA00000G78LGYAZ"
"12429761","003VA00000G78LFYAZ"
"12429760","003VA00000G78LEYAZ"
"12429759","003VA00000G78LDYAZ"
"12429758","003VA00000G78LCYAZ"
"12429757","003VA00000G78LBYAZ"
"12429756","003VA00000G78LAYAZ"
"12429755","003VA00000G78L9YAJ"
"12429754","003VA00000G78L8YAJ"
"12429753","003VA00000G78L7YAJ"
"12429752","003VA00000G78L6YAJ"
"12429751","003VA00000G78L5YAJ"
"12429747","003VA00000G78L4YAJ"
"12429746","003VA00000G78L3YAJ"
"12429745","003VA00000G78L2YAJ"
"12429744","003VA00000G78L1YAJ"
"12429743","003VA00000G78L0YAJ"
"12429742","003VA00000G78KzYAJ"
"12429741","003VA00000G78KyYAJ"
"12429740","003VA00000G78KxYAJ"
"12429739","003VA00000G78KwYAJ"
"12429738","003VA00000G78KvYAJ"
"12429737","003VA00000G78KuYAJ"
"12429736","003VA00000G78KtYAJ"
"12429735","003VA00000G78KsYAJ"
"12429734","003VA00000G78KrYAJ"
"12429733","003VA00000G78KqYAJ"
"12429732","003VA00000G78KpYAJ"
"12429731","003VA00000G78KoYAJ"
"12429730","003VA00000G78KnYAJ"
"12429729","003VA00000JjbK1YAJ"
"12429727","003VA00000G78KmYAJ"
"12429726","003VA00000G78KlYAJ"
"12429725","003VA00000G78KkYAJ"
"12429724","003VA00000G78KjYAJ"
"12429723","003VA00000G78KiYAJ"
"12429722","003VA00000G78KhYAJ"
"12429719","003VA00000G78KgYAJ"
"12429718","003VA00000G78KfYAJ"
"12429715","003VA00000G78KeYAJ"
"12429714","003VA00000G78KdYAJ"
"12429713","003VA00000G78KcYAJ"
"12429712","003VA00000G78KbYAJ"
"12429711","003VA00000G78IyYAJ"
"12429710","003VA00000G78IxYAJ"
"12429709","003VA00000G78IwYAJ"
"12429701","003VA00000G78IvYAJ"
"12429700","003VA00000G78IuYAJ"
"12429699","003VA00000G78ItYAJ"
"12429698","003VA00000G78IsYAJ"
"12429697","003VA00000G78IrYAJ"
"12429696","003VA00000G78IqYAJ"
"12429695","003VA00000G78IpYAJ"
"12429694","003VA00000G78IoYAJ"
"12429693","003VA00000G78InYAJ"
"12429692","003VA00000G78ImYAJ"
"12429691","003VA00000G78IlYAJ"
"12429690","003VA00000G78IkYAJ"
"12429680","003VA00000J8x46YAB"
"12429664","003VA00000J8x4AYAR"
"12429655","003VA00000J8x4DYAR"
"12429638","003VA00000G78IjYAJ"
"12429602","003VA00000G78IiYAJ"
"12429601","003VA00000G78IhYAJ"
"12429600","003VA00000G78IgYAJ"
"12429599","003VA00000G78IfYAJ"
"12429598","003VA00000G78IeYAJ"
"12429597","003VA00000G78IdYAJ"
"12429596","003VA00000G78IcYAJ"
"12429595","003VA00000G78IbYAJ"
"12429594","003VA00000G78IaYAJ"
"12429593","003VA00000G78IZYAZ"
"12429592","003VA00000G78IYYAZ"
"12429591","003VA00000G78IXYAZ"
"12429590","003VA00000G78IWYAZ"
"12429589","003VA00000G78IVYAZ"
"12429588","003VA00000G78IUYAZ"
"12429586","003VA00000G78ITYAZ"
"12429577","003VA00000G78ISYAZ"
"12429576","003VA00000G78IRYAZ"
"12429574","003VA00000G78IQYAZ"
"12429573","003VA00000G78IPYAZ"
"12429572","003VA00000G78IOYAZ"
"12429571","003VA00000G78INYAZ"
"12429570","003VA00000G78IMYAZ"
"12429569","003VA00000G78ILYAZ"
"12429568","003VA00000G78IKYAZ"
"12429567","003VA00000G78IJYAZ"
"12429565","003VA00000G78IIYAZ"
"12429564","003VA00000G78IHYAZ"
"12429563","003VA00000G78IGYAZ"
"12429562","003VA00000G78IFYAZ"
"12429561","003VA00000G78IEYAZ"
"12429560","003VA00000G78IDYAZ"
"12429559","003VA00000G78ICYAZ"
"12429558","003VA00000G78IBYAZ"
"12429553","003VA00000G78IAYAZ"
"12429552","003VA00000G78I9YAJ"
"12429551","003VA00000G78I8YAJ"
"12429550","003VA00000G78I7YAJ"
"12429549","003VA00000G78I6YAJ"
"12429548","003VA00000G78I5YAJ"
"12429547","003VA00000G78I4YAJ"
"12429546","003VA00000G78I3YAJ"
"12429545","003VA00000G78I2YAJ"
"12429544","003VA00000G78I1YAJ"
"12429542","003VA00000G78I0YAJ"
"12429540","003VA00000G78HzYAJ"
"12429539","003VA00000G78HyYAJ"
"12429536","003VA00000G78HxYAJ"
"12429535","003VA00000G78HwYAJ"
"12429534","003VA00000G78HvYAJ"
"12429533","003VA00000G78HuYAJ"
"12429532","003VA00000G78HtYAJ"
"12429531","003VA00000G78HsYAJ"
"12429530","003VA00000G78HrYAJ"
"12429529","003VA00000G78HqYAJ"
"12429528","003VA00000G78HpYAJ"
"12429527","003VA00000G78HoYAJ"
"12429526","003VA00000G78HnYAJ"
"12429525","003VA00000G78HmYAJ"
"12429524","003VA00000G78HlYAJ"
"12429523","003VA00000G78HkYAJ"
"12429522","003VA00000G78HjYAJ"
"12429521","003VA00000G78HiYAJ"
"12429519","003VA00000G78HhYAJ"
"12429518","003VA00000G78HgYAJ"
"12429517","003VA00000G78HfYAJ"
"12429516","003VA00000G78HeYAJ"
"12429515","003VA00000G78HdYAJ"
"12429514","003VA00000G78HcYAJ"
"12429513","003VA00000G78HbYAJ"
"12429512","003VA00000G78HaYAJ"
"12429500","003VA00000G78HZYAZ"
"12429476","003VA00000G78HYYAZ"
"12429467","003VA00000G78HXYAZ"
"12429422","003VA00000J8x3nYAB"
"12429400","003VA00000G78HWYAZ"
"12429399","003VA00000G78HVYAZ"
"12429398","003VA00000G78HUYAZ"
"12429397","003VA00000G78HTYAZ"
"12429396","003VA00000G78HSYAZ"
"12429395","003VA00000G78HRYAZ"
"12429394","003VA00000G78HQYAZ"
"12429393","003VA00000G78HPYAZ"
"12429392","003VA00000G78HOYAZ"
"12429391","003VA00000G78HNYAZ"
"12429390","003VA00000G78HMYAZ"
"12429389","003VA00000G78HLYAZ"
"12429388","003VA00000G78HKYAZ"
"12429387","003VA00000G78HJYAZ"
"12429386","003VA00000G78HIYAZ"
"12429385","003VA00000G78HHYAZ"
"12429384","003VA00000G78HGYAZ"
"12429383","003VA00000G78HFYAZ"
"12429382","003VA00000G78HEYAZ"
"12429381","003VA00000G78HDYAZ"
"12429380","003VA00000G78HCYAZ"
"12429379","003VA00000G78HBYAZ"
"12429378","003VA00000G78HAYAZ"
"12429377","003VA00000G78H9YAJ"
"12429376","003VA00000G78H8YAJ"
"12429375","003VA00000G78H7YAJ"
"12429374","003VA00000G78H6YAJ"
"12429373","003VA00000G78H5YAJ"
"12429372","003VA00000G78H4YAJ"
"12429371","003VA00000G78H3YAJ"
"12429370","003VA00000G78H2YAJ"
"12429369","003VA00000G78H1YAJ"
"12429368","003VA00000G78H0YAJ"
"12429367","003VA00000G78GzYAJ"
"12429364","003VA00000G78GyYAJ"
"12429363","003VA00000G78GxYAJ"
"12429362","003VA00000G78GwYAJ"
"12429361","003VA00000G78GvYAJ"
"12429360","003VA00000G78GuYAJ"
"12429359","003VA00000G78GtYAJ"
"12429357","003VA00000G78GsYAJ"
"12429356","003VA00000G78GrYAJ"
"12429355","003VA00000G78GqYAJ"
"12429354","003VA00000G78GpYAJ"
"12429352","003VA00000G78GoYAJ"
"12429351","003VA00000G78GnYAJ"
"12429350","003VA00000G78GmYAJ"
"12429349","003VA00000G78GlYAJ"
"12429348","003VA00000G78GkYAJ"
"12429347","003VA00000G78GjYAJ"
"12429346","003VA00000G78GiYAJ"
"12429345","003VA00000G78GhYAJ"
"12429344","003VA00000G78GgYAJ"
"12429343","003VA00000G78GfYAJ"
"12429335","003VA00000G78GeYAJ"
"12429334","003VA00000G78GdYAJ"
"12429333","003VA00000G78GcYAJ"
"12429332","003VA00000G78GbYAJ"
"12429331","003VA00000G78GaYAJ"
"12429330","003VA00000G78GZYAZ"
"12429329","003VA00000G78GYYAZ"
"12429328","003VA00000G78GXYAZ"
"12429307","003VA00000G78GWYAZ"
"12429306","003VA00000G78GVYAZ"
"12429305","003VA00000G78GUYAZ"
"12429304","003VA00000G78GTYAZ"
"12429303","003VA00000G78GSYAZ"
"12429302","003VA00000G78GRYAZ"
"12429301","003VA00000G78GQYAZ"
"12429300","003VA00000G78GPYAZ"
"12429299","003VA00000G78GOYAZ"
"12429298","003VA00000G78GNYAZ"
"12429297","003VA00000G78GMYAZ"
"12429296","003VA00000G78GLYAZ"
"12429295","003VA00000G78GKYAZ"
"12429282","003VA00000G78GJYAZ"
"12429281","003VA00000G78GIYAZ"
"12429280","003VA00000G78GHYAZ"
"12429279","003VA00000G78GGYAZ"
"12429278","003VA00000G78GFYAZ"
"12429277","003VA00000G78GEYAZ"
"12429276","003VA00000G78GDYAZ"
"12429275","003VA00000G78GCYAZ"
"12429274","003VA00000G78GBYAZ"
"12429273","003VA00000G78GAYAZ"
"12429272","003VA00000G78G9YAJ"
"12429271","003VA00000G78G8YAJ"
"12429269","003VA00000G78G7YAJ"
"12429268","003VA00000G78G6YAJ"
"12429261","003VA00000G78G5YAJ"
"12429260","003VA00000G78G4YAJ"
"12429259","003VA00000G78G3YAJ"
"12429258","003VA00000G78G2YAJ"
"12429257","003VA00000G78G1YAJ"
"12429256","003VA00000G78G0YAJ"
"12429255","003VA00000G78FzYAJ"
"12429254","003VA00000G78FyYAJ"
"12429253","003VA00000G78FxYAJ"
"12429252","003VA00000G78FwYAJ"
"12429250","003VA00000G78FvYAJ"
"12429249","003VA00000G78FuYAJ"
"12429248","003VA00000G78FtYAJ"
"12429247","003VA00000G78FsYAJ"
"12429246","003VA00000G78FrYAJ"
"12429245","003VA00000G78FqYAJ"
"12429244","003VA00000G78FpYAJ"
"12429243","003VA00000G78FoYAJ"
"12429242","003VA00000G78FnYAJ"
"12429241","003VA00000G78FmYAJ"
"12429240","003VA00000G78FlYAJ"
"12429237","003VA00000G787gYAB"
"12429236","003VA00000G787fYAB"
"12429232","003VA00000G787eYAB"
"12429230","003VA00000G787dYAB"
"12429229","003VA00000G787cYAB"
"12429228","003VA00000G787bYAB"
"12429226","003VA00000G787aYAB"
"12429225","003VA00000G787ZYAR"
"12429224","003VA00000G787YYAR"
"12429223","003VA00000G787XYAR"
"12429222","003VA00000G787WYAR"
"12429221","003VA00000G787VYAR"
"12429218","003VA00000G787UYAR"
"12429217","003VA00000G787TYAR"
"12429216","003VA00000G787SYAR"
"12429215","003VA00000G787RYAR"
"12429214","003VA00000G787QYAR"
"12429213","003VA00000G787PYAR"
"12429212","003VA00000G787OYAR"
"12429211","003VA00000G787NYAR"
"12429210","003VA00000G787MYAR"
"12429209","003VA00000G787LYAR"
"12429208","003VA00000G787KYAR"
"12429207","003VA00000G787JYAR"
"12429206","003VA00000G787IYAR"
"12429205","003VA00000G787HYAR"
"12429204","003VA00000G787GYAR"
"12429203","003VA00000G787FYAR"
"12429202","003VA00000G787EYAR"
"12429190","003VA00000G787DYAR"
"12429189","003VA00000G787CYAR"
"12429188","003VA00000G787BYAR"
"12429187","003VA00000G787AYAR"
"12429186","003VA00000G7879YAB"
"12429185","003VA00000G7878YAB"
"12429179","003VA00000G7877YAB"
"12429178","003VA00000G7876YAB"
"12429177","003VA00000G7875YAB"
"12429173","003VA00000G7874YAB"
"12429172","003VA00000G7873YAB"
"12429171","003VA00000G7872YAB"
"12429170","003VA00000G7871YAB"
"12429169","003VA00000G7870YAB"
"12429168","003VA00000G786zYAB"
"12429167","003VA00000G786yYAB"
"12429165","003VA00000G786xYAB"
"12429164","003VA00000G786wYAB"
"12429163","003VA00000G786vYAB"
"12429161","003VA00000G786uYAB"
"12429160","003VA00000G786tYAB"
"12429159","003VA00000G786sYAB"
"12429158","003VA00000G786rYAB"
"12429157","003VA00000G786qYAB"
"12429155","003VA00000G786pYAB"
"12429154","003VA00000G786oYAB"
"12429153","003VA00000G786nYAB"
"12429152","003VA00000G786mYAB"
"12429150","003VA00000G786lYAB"
"12429149","003VA00000G786kYAB"
"12429148","003VA00000G786jYAB"
"12429147","003VA00000G786iYAB"
"12429146","003VA00000G786hYAB"
"12429145","003VA00000G786gYAB"
"12429144","003VA00000G786fYAB"
"12429143","003VA00000G786eYAB"
"12429142","003VA00000G786dYAB"
"12429141","003VA00000G786cYAB"
"12429140","003VA00000G786bYAB"
"12429139","003VA00000G786aYAB"
"12429138","003VA00000G786ZYAR"
"12429137","003VA00000G786YYAR"
"12429089","003VA00000G786XYAR"
"12429088","003VA00000G786WYAR"
"12429087","003VA00000G786VYAR"
"12429086","003VA00000G786UYAR"
"12429085","003VA00000G786TYAR"
"12429084","003VA00000G786SYAR"
"12429070","003VA00000G786RYAR"
